-- phpMyAdmin SQL Dump
-- version phpStudy 2014
-- http://www.phpmyadmin.net
--
-- ä¸»æœº: localhost
-- ç”Ÿæˆæ—¥æœŸ: 2018 å¹?05 æœ?24 æ—?04:15
-- æœåŠ¡å™¨ç‰ˆæœ¬: 5.5.53
-- PHP ç‰ˆæœ¬: 5.6.27

SET SQL_MODE="NO_AUTO_VALUE_ON_ZERO";
SET time_zone = "+00:00";


/*!40101 SET @OLD_CHARACTER_SET_CLIENT=@@CHARACTER_SET_CLIENT */;
/*!40101 SET @OLD_CHARACTER_SET_RESULTS=@@CHARACTER_SET_RESULTS */;
/*!40101 SET @OLD_COLLATION_CONNECTION=@@COLLATION_CONNECTION */;
/*!40101 SET NAMES utf8 */;

--
-- æ•°æ®åº“: `shop`
--

-- --------------------------------------------------------

--
-- è¡¨çš„ç»“æ„ `shop_article`
--

CREATE TABLE IF NOT EXISTS `shop_article` (
  `id` mediumint(8) unsigned NOT NULL AUTO_INCREMENT,
  `title` varchar(30) NOT NULL COMMENT 'æ ‡é¢˜',
  `keywords` varchar(100) NOT NULL COMMENT 'å…³é”®è¯',
  `descript` varchar(255) NOT NULL COMMENT 'ç®€ä»‹',
  `author` varchar(10) NOT NULL COMMENT 'ä½œè€…',
  `thumb` varchar(100) NOT NULL COMMENT 'ç¼©ç•¥å›¾',
  `email` varchar(20) NOT NULL COMMENT 'é‚®ç®±',
  `link` varchar(60) NOT NULL COMMENT 'å¤–é“¾åœ°å€',
  `content` text NOT NULL COMMENT 'æ–‡ç« å†…å®¹',
  `status` smallint(1) unsigned NOT NULL DEFAULT '1' COMMENT 'æ˜¯å¦æ˜¾ç¤º',
  `sort` smallint(5) unsigned NOT NULL DEFAULT '50' COMMENT 'æ’åº',
  `addtime` varchar(60) NOT NULL COMMENT 'æ·»åŠ æ—¶é—´',
  `cate_id` mediumint(9) NOT NULL COMMENT 'ä¸Šçº§id',
  PRIMARY KEY (`id`)
) ENGINE=InnoDB  DEFAULT CHARSET=utf8 AUTO_INCREMENT=12 ;

--
-- è½¬å­˜è¡¨ä¸­çš„æ•°æ® `shop_article`
--

INSERT INTO `shop_article` (`id`, `title`, `keywords`, `descript`, `author`, `thumb`, `email`, `link`, `content`, `status`, `sort`, `addtime`, `cate_id`) VALUES
(8, 'ç³»ç»Ÿæ–‡ç« ', '', '', 'è‹æ™“å°˜', '20180513\\375ffd77e42ac946e587200f32be065a.jpg', '', '', '', 1, 51, '', 1),
(9, 'æ–°æ‰‹ä¸Šè·¯æ–‡ç« ', '', '', 'è‹æ™“å°˜', '20180513\\88b3bb2eba0da5ea879728e1883b0df0.jpg', '', '', '', 1, 50, '', 10),
(10, 'ç½‘åº—å¸®åŠ©æ–‡ç« ', '', '', 'è‹æ™“å°˜', '20180513\\284ce5d736177c9b52acaf0256d71dac.jpg', '', '', '', 1, 50, '', 4),
(11, 'ç³»ç»Ÿå†…æ–‡ç« 2', '', '', 'è‹æ™“å°˜', '', '', '', '', 1, 50, '', 1);

-- --------------------------------------------------------

--
-- è¡¨çš„ç»“æ„ `shop_attr`
--

CREATE TABLE IF NOT EXISTS `shop_attr` (
  `id` mediumint(8) unsigned NOT NULL AUTO_INCREMENT,
  `attr_name` varchar(30) NOT NULL COMMENT 'å±æ€§åç§°',
  `attr_type` tinyint(3) unsigned NOT NULL DEFAULT '1' COMMENT '1:å”¯ä¸€ 2:å•é€‰',
  `values` varchar(255) NOT NULL COMMENT 'å±æ€§å€¼',
  `pid` smallint(5) unsigned NOT NULL COMMENT 'æ‰€å±ç±»å‹',
  `sort` smallint(5) unsigned NOT NULL DEFAULT '50' COMMENT 'æ’åº',
  PRIMARY KEY (`id`)
) ENGINE=InnoDB  DEFAULT CHARSET=utf8 AUTO_INCREMENT=18 ;

--
-- è½¬å­˜è¡¨ä¸­çš„æ•°æ® `shop_attr`
--

INSERT INTO `shop_attr` (`id`, `attr_name`, `attr_type`, `values`, `pid`, `sort`) VALUES
(4, 'ä¸»è‰²è°ƒ', 2, 'è“è‰²,ç™½è‰²,é»‘è‰²,æ£•è‰²', 2, 50),
(5, 'èŠ±çº¹', 2, 'é¾™çº¹,è™çº¹', 2, 50),
(6, 'ä½¿ç”¨å¯¿å‘½', 1, '', 3, 50),
(7, 'ä¿ä¿®æ—¥æœŸ', 1, '', 3, 50),
(8, 'ä¿è´¨æœŸ', 1, '', 4, 50),
(9, 'é˜²è…å‰‚', 1, '', 4, 50),
(12, 'å®¹é‡', 2, '100t,200t,300t', 3, 50),
(14, 'é£æ ¼', 2, 'ç‚«é…·,å¯çˆ±,å¤é£,äºŒæ¬¡å…ƒ,ç¾ä¸½', 3, 50),
(15, 'å°ºç ', 2, 'XXS,XS,S,M,L,XL,XXL', 2, 50),
(16, 'é¢æ–™', 1, 'çš®é©', 2, 50),
(17, 'æ°´æ´—', 1, 'å¯ä»¥', 2, 50);

-- --------------------------------------------------------

--
-- è¡¨çš„ç»“æ„ `shop_brand`
--

CREATE TABLE IF NOT EXISTS `shop_brand` (
  `id` mediumint(8) unsigned NOT NULL AUTO_INCREMENT,
  `brand_name` varchar(60) NOT NULL COMMENT 'å“ç‰Œåç§°',
  `brand_url` varchar(60) NOT NULL COMMENT 'å“ç‰Œç½‘å€',
  `brand_desc` varchar(200) NOT NULL COMMENT 'å“ç‰Œç®€ä»‹',
  `brand_img` varchar(60) NOT NULL COMMENT 'å“ç‰Œlogoç¼©ç•¥å›¾åœ°å€',
  `brand_sort` smallint(5) unsigned NOT NULL DEFAULT '50' COMMENT 'æ’åº',
  `brand_status` smallint(1) unsigned NOT NULL DEFAULT '1' COMMENT 'çŠ¶æ€',
  PRIMARY KEY (`id`)
) ENGINE=InnoDB  DEFAULT CHARSET=utf8 AUTO_INCREMENT=15 ;

--
-- è½¬å­˜è¡¨ä¸­çš„æ•°æ® `shop_brand`
--

INSERT INTO `shop_brand` (`id`, `brand_name`, `brand_url`, `brand_desc`, `brand_img`, `brand_sort`, `brand_status`) VALUES
(11, 'ç‰¹æ­¥', '', '', '', 50, 1),
(12, 'åšæœ', '', '', '', 50, 1),
(13, 'ä¼˜è¡£åº“', '', '', '', 50, 1),
(14, 'æœªçŸ¥', '', '', '', 1, 1);

-- --------------------------------------------------------

--
-- è¡¨çš„ç»“æ„ `shop_cate`
--

CREATE TABLE IF NOT EXISTS `shop_cate` (
  `id` mediumint(8) unsigned NOT NULL AUTO_INCREMENT,
  `cate_name` varchar(60) NOT NULL COMMENT 'æ ç›®åç§°',
  `cate_type` smallint(1) unsigned NOT NULL DEFAULT '5' COMMENT '1:ç³»ç»Ÿåˆ†ç±» 2:å¸®åŠ©åˆ†ç±» 3:ç½‘åº—å¸®åŠ© 4:ç½‘åº—ä¿¡æ¯ 5:æ™®é€šåˆ†ç±»',
  `keywords` varchar(100) NOT NULL COMMENT 'å…³é”®è¯',
  `descript` varchar(255) NOT NULL COMMENT 'ç®€ä»‹',
  `show_nav` smallint(1) unsigned NOT NULL DEFAULT '0' COMMENT '1:æ˜¾ç¤ºåœ¨å¯¼èˆª 0:ä¸æ˜¾ç¤ºåœ¨å¯¼èˆª',
  `sort` smallint(5) unsigned NOT NULL DEFAULT '50' COMMENT 'æ’åº',
  `pid` mediumint(8) unsigned NOT NULL COMMENT 'ä¸Šçº§id',
  PRIMARY KEY (`id`)
) ENGINE=InnoDB  DEFAULT CHARSET=utf8 AUTO_INCREMENT=11 ;

--
-- è½¬å­˜è¡¨ä¸­çš„æ•°æ® `shop_cate`
--

INSERT INTO `shop_cate` (`id`, `cate_name`, `cate_type`, `keywords`, `descript`, `show_nav`, `sort`, `pid`) VALUES
(1, 'ç³»ç»Ÿ', 1, 'ç³»ç»Ÿåˆ†ç±»å…³é”®è¯', 'è¿™æ˜¯ç³»ç»Ÿåˆ†ç±»\r\n', 0, 3, 0),
(3, 'å¸®åŠ©åˆ†ç±»', 2, '', '', 0, 50, 0),
(4, 'ç½‘åº—å¸®åŠ©', 3, '', '', 0, 50, 0),
(5, 'ç½‘åº—ä¿¡æ¯', 4, '', '', 0, 50, 0),
(9, 'æ™®é€šæ ç›®', 5, '', '', 0, 50, 0),
(10, 'æ–°æ‰‹ä¸Šè·¯', 5, '', '', 0, 50, 3);

-- --------------------------------------------------------

--
-- è¡¨çš„ç»“æ„ `shop_category`
--

CREATE TABLE IF NOT EXISTS `shop_category` (
  `id` smallint(5) unsigned NOT NULL AUTO_INCREMENT,
  `cate_name` varchar(30) NOT NULL COMMENT 'åˆ†ç±»åç§°',
  `cate_img` varchar(60) NOT NULL COMMENT 'åˆ†ç±»å›¾ç‰‡',
  `keywords` varchar(60) NOT NULL COMMENT 'å…³é”®è¯',
  `desc` varchar(200) NOT NULL COMMENT 'ç®€ä»‹',
  `show_nav` tinyint(3) unsigned NOT NULL DEFAULT '0' COMMENT '1:æ˜¾ç¤º 2:éšè—',
  `sort` tinyint(3) unsigned NOT NULL DEFAULT '50' COMMENT 'æ’åº',
  `pid` smallint(5) unsigned NOT NULL DEFAULT '0' COMMENT 'ä¸Šçº§id',
  PRIMARY KEY (`id`)
) ENGINE=InnoDB  DEFAULT CHARSET=utf8 AUTO_INCREMENT=13 ;

--
-- è½¬å­˜è¡¨ä¸­çš„æ•°æ® `shop_category`
--

INSERT INTO `shop_category` (`id`, `cate_name`, `cate_img`, `keywords`, `desc`, `show_nav`, `sort`, `pid`) VALUES
(5, 'æœé¥°', '', '', '', 0, 1, 0),
(6, 'å¥³è£…', '', '', '', 0, 50, 5),
(7, 'ç”·è£…', '', '', '', 0, 50, 5),
(8, 'ç«¥è£…', '', '', '', 0, 50, 5),
(9, 'ç”µå­ç‰©å“', '', '', '', 0, 2, 0),
(10, 'æ‰‹æœº', '', '', '', 0, 50, 9),
(11, 'ç”µè„‘', '', '', '', 0, 50, 9),
(12, 'é£Ÿå“', '', '', '', 0, 3, 0);

-- --------------------------------------------------------

--
-- è¡¨çš„ç»“æ„ `shop_commodity`
--

CREATE TABLE IF NOT EXISTS `shop_commodity` (
  `id` mediumint(8) unsigned NOT NULL AUTO_INCREMENT,
  `name` varchar(30) NOT NULL COMMENT 'å•†å“åç§°',
  `code` char(16) NOT NULL COMMENT 'å•†å“ç¼–å·',
  `picture` varchar(100) NOT NULL COMMENT 'å•†å“ç¼©ç•¥å›¾',
  `big_picture` varchar(100) NOT NULL COMMENT 'å•†å“å¤§ç¼©ç•¥å›¾',
  `medium_picture` varchar(100) NOT NULL COMMENT 'ä¸­ç­‰å›¾ç‰‡',
  `small_picture` varchar(100) NOT NULL COMMENT 'å•†å“å°ç¼©ç•¥å›¾',
  `market_price` decimal(10,2) NOT NULL COMMENT 'å¸‚åœºä»·',
  `ours_price` decimal(10,2) NOT NULL COMMENT 'ä»·æ ¼',
  `status` tinyint(3) unsigned NOT NULL COMMENT 'æ˜¯å¦ä¸Šæ¶',
  `sort` tinyint(3) unsigned NOT NULL DEFAULT '50' COMMENT 'æ’åº',
  `type_id` mediumint(8) unsigned NOT NULL COMMENT 'æ‰€å±ç±»å‹',
  `category_id` mediumint(8) unsigned NOT NULL COMMENT 'æ‰€å±æ ç›®',
  `brand_id` mediumint(8) unsigned DEFAULT '0' COMMENT 'æ‰€å±å“ç‰Œ',
  `content` longtext NOT NULL COMMENT 'å•†å“ç®€ä»‹',
  PRIMARY KEY (`id`)
) ENGINE=InnoDB  DEFAULT CHARSET=utf8 AUTO_INCREMENT=54 ;

--
-- è½¬å­˜è¡¨ä¸­çš„æ•°æ® `shop_commodity`
--

INSERT INTO `shop_commodity` (`id`, `name`, `code`, `picture`, `big_picture`, `medium_picture`, `small_picture`, `market_price`, `ours_price`, `status`, `sort`, `type_id`, `category_id`, `brand_id`, `content`) VALUES
(50, 'è¿™æ˜¯ä¸€ä»¶ç‰æ ‘ä¸´é£çš„è¡£è¡«', '1527080320', '', '', '', '', '0.00', '9999.00', 1, 1, 0, 5, 14, '<p>è¿™ä»¶è¡£æœè¶…æ£’å„¿<br/></p>'),
(51, 'éšä¾¿æ‰‹æœº', '1527125238', '', '', '', '', '0.00', '100.00', 1, 50, 0, 9, 14, '<p>12312312<br/></p>'),
(53, '12321', '1527131875', '', '', '', '', '0.00', '123.00', 1, 50, 0, 5, 14, '<p>123<br/></p>');

-- --------------------------------------------------------

--
-- è¡¨çš„ç»“æ„ `shop_commodity_attr`
--

CREATE TABLE IF NOT EXISTS `shop_commodity_attr` (
  `id` mediumint(9) NOT NULL AUTO_INCREMENT,
  `commodity_id` mediumint(8) unsigned DEFAULT NULL COMMENT 'æ‰€å±å•†å“id',
  `attr_id` mediumint(8) unsigned DEFAULT NULL COMMENT 'å±æ€§id',
  `attr_value` varchar(60) NOT NULL COMMENT 'å±æ€§å€¼',
  `attr_price` decimal(10,2) unsigned DEFAULT NULL COMMENT 'å±æ€§ä»·æ ¼',
  PRIMARY KEY (`id`)
) ENGINE=InnoDB  DEFAULT CHARSET=utf8 AUTO_INCREMENT=74 ;

--
-- è½¬å­˜è¡¨ä¸­çš„æ•°æ® `shop_commodity_attr`
--

INSERT INTO `shop_commodity_attr` (`id`, `commodity_id`, `attr_id`, `attr_value`, `attr_price`) VALUES
(40, 50, 16, 'çš®é©', NULL),
(41, 50, 17, 'å¯ä»¥', NULL),
(42, 50, 4, 'è“è‰²', '0.00'),
(43, 50, 4, 'ç™½è‰²', '0.00'),
(44, 50, 4, 'é»‘è‰²', '0.00'),
(45, 50, 4, 'æ£•è‰²', '0.00'),
(46, 50, 5, 'é¾™çº¹', '100.00'),
(47, 50, 5, 'è™çº¹', '0.00'),
(48, 50, 15, 'XXS', '0.00'),
(49, 50, 15, 'XS', '0.00'),
(50, 50, 15, 'S', '0.00'),
(51, 50, 15, 'M', '0.00'),
(52, 50, 15, 'L', '0.00'),
(53, 50, 15, 'XL', '0.00'),
(54, 50, 15, 'XXL', '0.00'),
(55, 51, 6, '10å¹´', NULL),
(56, 51, 7, '1å¹´', NULL),
(57, 51, 12, '100t', '0.00'),
(58, 51, 12, '200t', '100.00'),
(59, 51, 14, 'å¯çˆ±', '0.00'),
(60, 51, 14, 'å¯çˆ±', '0.00'),
(61, 51, 14, 'å¤é£', '0.00'),
(62, 52, 6, '21', NULL),
(63, 52, 7, '12', NULL),
(64, 52, 12, '100t', '1.00'),
(65, 52, 12, '200t', '2.00'),
(66, 52, 14, 'ç‚«é…·', '3.00'),
(67, 52, 14, 'å¯çˆ±', '4.00'),
(68, 53, 6, '123', NULL),
(69, 53, 7, '1234', NULL),
(70, 53, 12, '100t', '124.00'),
(71, 53, 12, '200t', '21.00'),
(72, 53, 12, '300t', '21.00'),
(73, 53, 14, 'ç‚«é…·', '12.00');

-- --------------------------------------------------------

--
-- è¡¨çš„ç»“æ„ `shop_commodity_mprice`
--

CREATE TABLE IF NOT EXISTS `shop_commodity_mprice` (
  `level_id` smallint(5) unsigned DEFAULT NULL COMMENT 'æ‰€å±ä¼šå‘˜çº§åˆ«id',
  `commodity_id` mediumint(8) unsigned DEFAULT NULL COMMENT 'æ‰€å±å•†å“id',
  `member_price` decimal(10,2) DEFAULT NULL COMMENT 'ä»·æ ¼'
) ENGINE=InnoDB DEFAULT CHARSET=utf8;

-- --------------------------------------------------------

--
-- è¡¨çš„ç»“æ„ `shop_commodity_picture`
--

CREATE TABLE IF NOT EXISTS `shop_commodity_picture` (
  `commodity_id` mediumint(8) unsigned NOT NULL COMMENT 'æ‰€å±å•†å“id',
  `picture` varchar(100) NOT NULL COMMENT 'åŸå›¾',
  `big_picture` varchar(100) NOT NULL COMMENT 'å¤§å›¾',
  `medium_picture` varchar(100) NOT NULL COMMENT 'ä¸­å›¾',
  `small_picture` varchar(100) NOT NULL COMMENT 'å°å›¾'
) ENGINE=InnoDB DEFAULT CHARSET=utf8;

-- --------------------------------------------------------

--
-- è¡¨çš„ç»“æ„ `shop_commodity_stock`
--

CREATE TABLE IF NOT EXISTS `shop_commodity_stock` (
  `commodity_id` mediumint(8) unsigned NOT NULL COMMENT 'å•†å“ID',
  `value` mediumint(8) unsigned NOT NULL COMMENT 'åº“å­˜é‡',
  `attr_id` varchar(20) NOT NULL COMMENT 'æ‰€å±å±æ€§id'
) ENGINE=InnoDB DEFAULT CHARSET=utf8;

--
-- è½¬å­˜è¡¨ä¸­çš„æ•°æ® `shop_commodity_stock`
--

INSERT INTO `shop_commodity_stock` (`commodity_id`, `value`, `attr_id`) VALUES
(50, 0, '42'),
(50, 0, '43'),
(50, 0, '42'),
(50, 0, '43'),
(50, 100, '42'),
(50, 100, '42'),
(50, 100, '43'),
(50, 100, '43'),
(50, 100, '44'),
(50, 100, '44'),
(52, 2, '65,66'),
(52, 2, '65,67'),
(52, 3, '64,67'),
(52, 4, '64,66'),
(52, 1, '65,66'),
(52, 2, '65,67'),
(52, 3, '64,67'),
(52, 4, '64,66'),
(51, 1, '57,59'),
(51, 100, '57,61'),
(51, 50, '58,59'),
(51, 100, '57,61'),
(53, 2, '70,73'),
(53, 2, '70,73'),
(53, 5, '70,73');

-- --------------------------------------------------------

--
-- è¡¨çš„ç»“æ„ `shop_conf`
--

CREATE TABLE IF NOT EXISTS `shop_conf` (
  `id` mediumint(8) unsigned NOT NULL AUTO_INCREMENT,
  `title` varchar(30) NOT NULL COMMENT 'é…ç½®æ ‡é¢˜',
  `name` varchar(30) NOT NULL COMMENT 'é…ç½®ä»£ç å',
  `area` smallint(1) unsigned NOT NULL DEFAULT '1' COMMENT '1:åº—é“ºç®¡ç† 2:å•†å“ç®¡ç†',
  `mold` varchar(10) NOT NULL COMMENT 'é…ç½®ç±»å‹',
  `value` varchar(255) NOT NULL COMMENT 'é»˜è®¤å€¼',
  `values` varchar(255) NOT NULL COMMENT 'å¯é€‰å€¼',
  `sort` smallint(5) unsigned NOT NULL DEFAULT '50' COMMENT 'æ’åº',
  PRIMARY KEY (`id`)
) ENGINE=InnoDB  DEFAULT CHARSET=utf8 AUTO_INCREMENT=9 ;

--
-- è½¬å­˜è¡¨ä¸­çš„æ•°æ® `shop_conf`
--

INSERT INTO `shop_conf` (`id`, `title`, `name`, `area`, `mold`, `value`, `values`, `sort`) VALUES
(2, 'ç«™ç‚¹åç§°', 'title', 1, 'text', '2131', '', 65535),
(3, 'ç«™ç‚¹çŠ¶æ€', 'status', 1, 'radio', 'å…³', 'å¼€,å…³', 20),
(4, 'ç«™ç‚¹å…³é”®è¯', 'keywords', 1, 'text', '222', '', 50),
(5, 'ç«™ç‚¹ä»‹ç»', 'description', 1, 'textarea', 'ç«™ç‚¹ä»‹ç»1', '', 50),
(6, 'æµ‹è¯•ä¸‹æ‹‰', 'selected', 1, 'select', '3', '1,2,3,4', 50),
(7, 'æµ‹è¯•å¤é€‰', 'checkbox', 1, 'checkbox', '1,2,3', '1,2,3,4', 50),
(8, 'æµ‹è¯•æ–‡ä»¶', 'file', 1, 'file', '20180515\\7d1eb5e9c3ba40f6d93999c522f91c41.jpg', '', 50);

-- --------------------------------------------------------

--
-- è¡¨çš„ç»“æ„ `shop_link`
--

CREATE TABLE IF NOT EXISTS `shop_link` (
  `id` mediumint(8) unsigned NOT NULL AUTO_INCREMENT,
  `title` varchar(30) NOT NULL COMMENT 'é“¾æ¥æ ‡é¢˜',
  `link` varchar(60) NOT NULL COMMENT 'é“¾æ¥åœ°å€',
  `name` varchar(30) NOT NULL COMMENT 'é“¾æ¥åç§°',
  `comment` varchar(200) NOT NULL COMMENT 'å¤‡æ³¨',
  `status` tinyint(3) unsigned NOT NULL DEFAULT '1' COMMENT '1:å¼€å¯ 0:å…³é—­',
  `sort` smallint(5) unsigned NOT NULL DEFAULT '50' COMMENT 'æ’åº',
  PRIMARY KEY (`id`)
) ENGINE=InnoDB  DEFAULT CHARSET=utf8 AUTO_INCREMENT=3 ;

--
-- è½¬å­˜è¡¨ä¸­çš„æ•°æ® `shop_link`
--

INSERT INTO `shop_link` (`id`, `title`, `link`, `name`, `comment`, `status`, `sort`) VALUES
(2, '1', 'http://1', '11', '23333', 1, 50);

-- --------------------------------------------------------

--
-- è¡¨çš„ç»“æ„ `shop_member_level`
--

CREATE TABLE IF NOT EXISTS `shop_member_level` (
  `id` smallint(5) unsigned NOT NULL AUTO_INCREMENT,
  `level_name` varchar(30) NOT NULL COMMENT 'çº§åˆ«åç§°',
  `bottom_integral` int(10) unsigned NOT NULL COMMENT 'æœ€ä½ç§¯åˆ†',
  `top_integral` int(10) unsigned NOT NULL COMMENT 'æœ€é«˜ç§¯åˆ†',
  `discount` tinyint(3) unsigned NOT NULL COMMENT 'æŠ˜æ‰£ç‡',
  PRIMARY KEY (`id`)
) ENGINE=InnoDB  DEFAULT CHARSET=utf8 AUTO_INCREMENT=9 ;

--
-- è½¬å­˜è¡¨ä¸­çš„æ•°æ® `shop_member_level`
--

INSERT INTO `shop_member_level` (`id`, `level_name`, `bottom_integral`, `top_integral`, `discount`) VALUES
(1, 'æ³¨å†Œä¼šå‘˜', 0, 99, 100),
(3, 'ç™½é“¶ä¼šå‘˜', 300, 599, 100),
(4, 'é»„é‡‘ä¼šå‘˜', 600, 999, 100),
(5, 'ç™½é‡‘ä¼šå‘˜', 1000, 1999, 100),
(6, 'ç –çŸ³ä¼šå‘˜', 2000, 2999, 100),
(7, 'è¶…çº§ä¼šå‘˜', 3500, 5999, 100),
(8, 'ä¼šå‘˜', 100, 299, 100);

-- --------------------------------------------------------

--
-- è¡¨çš„ç»“æ„ `shop_type`
--

CREATE TABLE IF NOT EXISTS `shop_type` (
  `id` mediumint(8) unsigned NOT NULL AUTO_INCREMENT,
  `type_name` varchar(30) NOT NULL COMMENT 'å•†å“ç±»å‹åç§°',
  PRIMARY KEY (`id`)
) ENGINE=InnoDB  DEFAULT CHARSET=utf8 AUTO_INCREMENT=6 ;

--
-- è½¬å­˜è¡¨ä¸­çš„æ•°æ® `shop_type`
--

INSERT INTO `shop_type` (`id`, `type_name`) VALUES
(2, 'ç”·è¡£'),
(3, 'ç”µå­äº§å“'),
(4, 'é£Ÿå“'),
(5, 'è™šæ‹Ÿè´§ç‰©');

/*!40101 SET CHARACTER_SET_CLIENT=@OLD_CHARACTER_SET_CLIENT */;
/*!40101 SET CHARACTER_SET_RESULTS=@OLD_CHARACTER_SET_RESULTS */;
/*!40101 SET COLLATION_CONNECTION=@OLD_COLLATION_CONNECTION */;
